,183deg,93deg,distance_px
0,938ff7cf-0b90-4304-b60e-540aed35bc81,f612c249-9f9f-474c-9c21-31df38d30452,93.03897032964197
1,787d7809-623d-45c8-a263-217163d39b4c,c734d4fd-8810-45ce-8a10-c236c0a891e1,216.37756353189673
2,73c55de3-1205-43ee-bcae-d3d3e38ddad7,21236412-3395-43ea-9373-09b8ab721fee,185.34832073693033
3,0fdae412-6112-4853-aab6-df5a6d9ebe32,6fbda893-1126-4e1a-afd2-adca7ce6a133,241.91424100288103
4,d2a40097-4615-42f4-a644-6726d57dd645,1e6cf99b-5b52-4854-859d-27100c6435e1,152.11919668470512
5,a9694274-5329-4816-8655-090f86168245,6fbda893-1126-4e1a-afd2-adca7ce6a133,328.3873475029146
6,185f1d11-38b2-495c-aedb-31b8c3dd5e71,df04f5aa-4f47-45bc-9705-b6e098a3168f,392.4363005635437
7,52e76e2a-8ad5-46b8-b658-a7134dec7bab,cf21a80f-1dd9-4e81-a01e-4a09e891a79a,25.104780421266383
8,ec3a1227-006c-4541-8659-6bcfaad48a49,7658c7e2-9646-4418-b900-efcb7fb390b0,182.5602640225961
9,670f172c-c262-4092-a07a-32cd7d5a5c8b,a0f076c4-c73b-482d-a134-519470589f43,412.7529527453438
10,553679c3-634a-4a7a-9284-ff0883f425da,c80665d5-6863-4010-a4b4-cfb289cbcf95,166.22951001552042
11,a90e2d3f-0330-4511-b256-29490484739f,b9407d31-3b71-4630-b7f0-23e2ae302b2d,236.25886226764067
12,8e19832d-e1c4-43c6-88d9-80a971808086,6020c9ad-431f-4b64-87e8-257731097206,268.49255110710243
13,8dc543e8-029b-42c3-98f0-1a0dcba1580c,0e63b6f3-37ec-4756-8275-4fc5fe79bb3d,207.22029340776447
14,2ed62c60-435b-4abf-b29a-550a6603a49c,923a99d7-160d-494f-b5c9-620fb66424f4,287.8167819985485
15,b72aef60-504e-4ee7-ae89-60aece7f28b6,6fbda893-1126-4e1a-afd2-adca7ce6a133,166.6283289239858
16,11b5fe91-018c-4bdc-9275-8bc39d43b86c,b9407d31-3b71-4630-b7f0-23e2ae302b2d,479.25280385199625
17,015652d3-7d61-464a-bdd7-3d5616a316f1,c734d4fd-8810-45ce-8a10-c236c0a891e1,230.00706510887878
18,38872d2d-a279-40b4-a02b-f1aa4eef05b2,923a99d7-160d-494f-b5c9-620fb66424f4,530.1558733052007
19,9f0ae679-bd44-4c59-b114-0a52a3c2227e,6fbda893-1126-4e1a-afd2-adca7ce6a133,224.40643930154945
20,d35e9bfc-3a2b-4dc4-90bd-425f5c21fe91,b9407d31-3b71-4630-b7f0-23e2ae302b2d,464.40984055034835
21,770675da-edca-4e4c-8069-c652f0a2dd6c,320cab82-ea17-43ae-9b49-2c0a66e0441b,329.3144394040444
22,c54f481c-4a12-44cb-a8b1-e64768821c6b,dff10268-328d-4f45-a171-339895be3255,218.4931349035937
23,0da4980b-b047-410e-9c1d-86538fb24511,ac9b8e0c-c750-4a14-9206-130ccf9519aa,83.0451684326066
24,24f6583b-5287-4f93-b104-55ecfe3ca3e2,d9134dcc-1615-4a3e-b801-59cd6adaf6cc,223.8062778386701
25,7ebc110e-7011-4a2e-9bcd-7d3b84d15b47,c80665d5-6863-4010-a4b4-cfb289cbcf95,410.6044325138247
26,179b401c-4967-4bb3-b8a1-96c53398e56f,0e63b6f3-37ec-4756-8275-4fc5fe79bb3d,244.4059123671111
27,f7b9282b-393e-4dec-9fe1-7719c545c368,7ded4399-4bcf-4a06-81e2-a077eacba055,315.98496799689696
28,662a8a71-bb1d-42ad-ae95-fe4c90b5d7f5,5226524c-36aa-4c77-9724-2dbf22171be2,235.83309776195537
29,9aa7e590-108a-4e8e-af95-e95532594445,074b15af-cb54-4355-8e5e-590d60ba12a9,116.0010775812018
30,797b9da6-199c-4601-919d-7a5f1c19389c,a2827b71-c570-422c-b246-d6ed6d25a279,39.37321424522006
31,73954c6b-5b48-4439-a346-881419f6a9f8,b43f87e3-3dd2-481c-aa55-5ad4b8def08d,378.22645333186307
32,26b5c31e-45ad-4be2-84f5-adc91810cae8,e27e58e0-8914-4c56-a3fa-5bafdaed819a,189.17782639622436
33,9e848561-60c1-42b2-a0d0-8b133af23e79,85231a43-004b-43fd-8570-e961a33aa178,371.54575761270644
34,1bce98df-734f-4290-8d28-74f33e8d7b9b,b431acd2-f393-42ba-85ce-097265d374ac,130.2737502338825
35,91df68e2-d435-4c4a-9d22-fb33ee0cd345,74f370d4-8a45-49ff-88fa-14eefcf52bb1,172.91688755005973
36,d2dee9f3-d499-42cb-a90e-7e971be8e2b5,762084a2-6836-497b-95a9-06aed14ffc57,193.53617232961903
37,ea420781-6873-48c3-a11e-240f76da1653,74f370d4-8a45-49ff-88fa-14eefcf52bb1,311.77716401301745
38,82740579-c835-476b-bf02-4de316760c8a,c6fd2690-771f-4351-8f87-ee385b16b13b,295.78539517697624
39,cd936d6d-9924-43c8-851c-d9f8c85dd594,23edf482-02f2-44c9-9f8f-b558c81b5614,613.7466904187753
40,c3fa2bfc-4957-4ffe-980d-06843bb65647,b9422771-bade-4384-b52c-3d63a17cfc5a,188.84517468021258
41,3c0ff9f6-5d6a-458f-aa0a-6680166c14b0,85231a43-004b-43fd-8570-e961a33aa178,138.75247745535933
42,5016c646-8a92-493b-bf0e-b6398f139cf7,8f52661b-ab96-4bbb-9035-cab47d4b5dca,238.2991817023298
43,28e6babb-ed01-47cd-bb9e-b6cdeeeeebf3,74f370d4-8a45-49ff-88fa-14eefcf52bb1,352.24174937108177
44,723e4b60-5c0c-470f-822d-8425f06fcad3,c6fd2690-771f-4351-8f87-ee385b16b13b,130.33226768532802
45,69a8b099-c798-47a1-86cf-2525dd1d066e,23edf482-02f2-44c9-9f8f-b558c81b5614,638.5052858042759
46,5a4e7a0e-800c-4e2f-86ee-7760c91f2270,8f42774b-9421-40c2-b4fa-d02a2b5b2ba3,403.23225317427176
47,5ef071fb-0c25-4125-8837-a7a85926d453,b43f87e3-3dd2-481c-aa55-5ad4b8def08d,74.15692819959575
48,d21c2e87-3c14-4924-a3a0-1db9d4437dfe,92d69f41-ebee-4d23-9de6-f9635f0f2ec0,290.7688085060019
49,84d75e90-5d1c-440e-b536-e04b018945ee,5890ab8a-55e7-497a-8067-1de3334ab26c,303.92515526030417
50,cfebd540-5cd0-411e-9f90-9290ea1f4176,23edf482-02f2-44c9-9f8f-b558c81b5614,687.9776522533272
51,889afd46-511a-466c-b483-3c0829b1e90c,4c283e1c-4741-4cb1-b0f6-37754b9b6c5f,154.00811666921973
52,64f7e529-e80c-48ce-8e88-b5e7038bf3f2,8f42774b-9421-40c2-b4fa-d02a2b5b2ba3,351.6578592893951
53,756ef011-08c9-4e39-a029-842052454e56,9104f625-8aef-4345-ba55-bfce7344c858,81.00617260431454
54,3a23bbe9-dafc-4b1f-8869-b3e025b87d3f,8a1b59d7-1967-4158-a162-62033d552989,286.07385410065
55,f6b8797c-3527-4aaf-a85f-b5d5a09a5895,b9422771-bade-4384-b52c-3d63a17cfc5a,337.7339929589558
56,64d771c2-645c-493a-8a2d-cdd79a583d78,5038552d-864e-4bc0-8348-d9abb0498704,244.9663242162073
57,f15ac26d-1c9e-468c-a135-5ffc05be306a,52c62cd6-58f8-48b5-83fd-d0d83e0326c6,173.28084141069954
58,6d4f9011-8f94-4434-9097-6f200113f223,8a1b59d7-1967-4158-a162-62033d552989,75.85842075867386
59,dc907a5a-166d-4260-97b5-d36a6aed4cde,52c62cd6-58f8-48b5-83fd-d0d83e0326c6,278.44209451877066
60,f4165128-20de-4724-aa2a-bb82a4da5709,e6ec75ff-1d92-46ab-9245-9aaf79704fd1,208.50239806774405
61,a4f16137-3802-4bd5-b027-00fe3bc9cd5e,84d719b5-2edb-45e1-9212-762c3d05007c,86.50144507463445
62,ac84d30e-314e-478f-ba4e-ab368f804786,13c7fc41-5a48-40e6-87db-3289910870f9,166.38885179001628
63,0fe192cc-2f51-48c6-b711-353664f918a1,22fe73ea-6fbe-4ef8-a00c-17469d05bbae,152.9256355226291
64,f8819a71-ae26-466b-82c4-d4393a660101,52c62cd6-58f8-48b5-83fd-d0d83e0326c6,237.4878944283266
65,d8f91849-ad8a-45a4-9626-b86b6a8f3f85,79c85634-4d77-4cbe-8ad7-88084b61fa5a,236.2255278330435
66,85441ab5-77fc-45e6-ac2b-d1e5a62b6567,32919afe-a722-4ae1-82a5-32a674f946e4,26.196373794859472
67,a35cd056-d55b-4735-9e0b-7b66847508da,5038552d-864e-4bc0-8348-d9abb0498704,137.0930341045817
68,50a18e62-84f5-44bf-98d9-5ded43bbe34e,fa6b8efe-0ebf-4422-a49d-1a3ea3da3d6d,117.39889266939446
69,3956ee41-808e-4b31-a97b-a99f7a419cd8,6a5edd53-0eb2-4a28-9420-333cb1229e69,178.2133552795637
70,1a63f0af-8152-4a62-89ba-e90271a8eed6,043b9617-185a-401c-a3c9-55c27a8e721b,147.4050541874328
71,9b99d5e6-af81-42fa-93e4-1885b3ab1efc,049f4b03-af32-436f-8db8-00049657f4a8,285.11839646013726
72,f4f24649-be04-4fd1-b3f0-5a1fe374ab49,5273c19a-9ae2-4f83-a5d9-f5a12ae3727f,134.78223176665387
73,9c92cdd9-642f-4bb2-84eb-bb6a363f77cf,9ce55b08-16ec-4283-b95b-6cda8ac553df,130.38404810405297
74,435f4615-c391-4d41-909e-41e0d351b03f,73feb5f7-c757-483e-b171-cf1a8fd81630,194.22474095747947
75,9d4bb459-ca0c-427c-9d3e-6217931a7032,718cb770-3dc0-46b5-90c8-79f7a08a9771,105.80170130957252
76,ef8313d6-dad2-4cd4-ad73-f4d2d3727e09,043b9617-185a-401c-a3c9-55c27a8e721b,251.6272044116057
77,6050a969-bf26-410d-9263-6b7f1472b483,635a29b7-55df-4924-bf10-2f3495beb2b6,303.7931039375318
78,107fa8b2-0983-4925-8f73-3abf9bc2c68d,e3b36eab-4cc7-45ba-b7bc-829265e71f9f,216.4445656513464
79,ec454d6d-7593-4714-9cf3-4984dddff552,73feb5f7-c757-483e-b171-cf1a8fd81630,313.0407321739457
80,4d232c62-225b-4c0a-b479-32766b195780,ee7c1231-1f3b-4e27-a772-6171008c5513,149.30254518929007
81,b074aeff-5be4-4953-ba14-2f6a4720445f,aee0800e-3ead-4f66-b43a-d7396b5c3f7a,183.30984698046092
82,efe209f2-59ea-402f-935f-82e5a6217075,2f851844-64c3-46b5-9f7c-70b545e9a9e2,316.90889858127997
83,273e8903-9529-4497-8272-00b0ffa0f68c,40d0dd6f-a2b5-43e9-85c4-b593b1ff5dd3,311.7551122275303
84,e21e3c78-5a55-4692-825d-ed8ecd6d5a50,635a29b7-55df-4924-bf10-2f3495beb2b6,376.186456428192
85,c0dc418b-4cad-42a5-a444-9d887ef8ca84,73feb5f7-c757-483e-b171-cf1a8fd81630,164.488601428792
86,53a1294d-764e-45ed-a287-4779c70cfeb7,635a29b7-55df-4924-bf10-2f3495beb2b6,187.25450595379542
87,973f663b-766a-403c-96f6-15fd4efc4e23,4305f77a-5010-41bb-a3cd-1deae9e04b3e,105.5106629682517
88,23f5ad6b-4c6e-444a-ba40-89c5c687c336,09126e93-6b96-40a9-a484-204392e4e02a,104.74015466858926
89,283ad796-77fc-49f4-90ef-21600428e971,0b68a36c-897f-4718-9a5d-d064d8681ba1,104.47966309287182
90,40422600-4716-4f90-b6b5-ed26eb8ae555,0b68a36c-897f-4718-9a5d-d064d8681ba1,375.2365920322803
91,aed1432a-2e4f-4d14-8bfb-2d2cdc74d08e,c2096258-52c7-4fe5-a8c7-1c8b1d22d56c,262.8179027387594
92,404b6de4-19d0-4423-bd2e-e9d0ea98de74,a7c5ab2e-6a37-4a85-a256-021d9ad1017b,151.19689150243798
93,dbab800b-3fd7-4545-9f56-d27e9bbd90f6,da983316-b31c-4038-9b17-c9519cda39bf,232.34941359943218
94,36738653-f458-44f9-a30e-192301235496,5c4eb70c-342f-44b5-b96f-b8e83e4b40b7,55.823382197785186
95,2a188186-aa29-4e80-a24d-d86788271980,6c1b97de-5af2-443a-8e95-c835c6b2e245,262.20793275566626
96,9765a049-1931-4efc-8977-ca46a952a246,40d0dd6f-a2b5-43e9-85c4-b593b1ff5dd3,198.4571742215433
97,2549a4aa-17bd-42a0-9884-7a13fc2d1d0b,5f135262-996d-4f41-b2e6-03e0c670936f,280.6465748944747
98,e2daf543-188e-4dad-ae2a-9dacef225399,da983316-b31c-4038-9b17-c9519cda39bf,390.16727182068973
99,c4586440-0926-4edb-afc3-f31264237217,f9542766-180e-47be-be33-9f296f11b6d9,8.514693182963201
100,9a198378-a576-4b42-9536-e5d154bde0a1,5f135262-996d-4f41-b2e6-03e0c670936f,104.73418735064497
101,71e5a4c0-7551-4bfe-b3b4-e801c4cd9a46,4ad1af96-4489-4c04-a210-1f7f89f2125b,175.22128866093868
102,9b6aaba8-544d-4f93-b16f-1b12dbd3fe30,5f135262-996d-4f41-b2e6-03e0c670936f,376.5029880359517
103,f40cbdc7-3f4d-4012-b894-492af44c21e6,ea8e1c33-c886-4e27-8d2e-3212b5d3618b,187.73718331753037
104,c79f7f51-97a0-4c59-90a8-2ef7ebe57f7d,15901045-e0aa-410f-937d-65a2c69a08af,319.14416804948826
105,248cf6d8-905b-4fc2-8913-66f28d2ced00,ec83673b-81ea-465e-b7f9-a71421c94508,174.54583925146997
106,1e240228-1c8f-438f-b257-e21fbe08188c,d5e359e8-6c8f-4556-88b6-d904195968ca,147.89354279345667
107,283e24cd-93af-4997-b98d-c59dbfd03c2e,d6bf9cf9-d85b-489c-95f5-3c2cf7275079,335.21075460074366
108,a809dab0-21cf-41df-b353-458e78d093c3,dc570df3-a836-4541-9bee-739584eff0c6,260.165812511944
109,187e084a-6886-45d8-85d9-264bf79cf9b0,b4eb73fe-d7fd-4571-9db0-4d862cacf79e,144.9637885818386
110,aa757ef2-7ba5-4f3e-9bb5-f199ae4601cc,cec90e51-3ff5-4a22-ad52-edba9f602adb,158.09174551506476
111,3e4f9f70-9399-4c30-a5ec-473d83256268,64deebd5-a009-482b-a2f4-b5d53ae6a74a,191.8938508655241
112,e74642d6-8398-4a96-b809-37f4ba43567c,939e8c9c-2c20-450b-9e10-e55b3b6614c2,444.0622141096898
113,b261c665-0b03-404c-a517-c419c8037795,1a232f14-d9f3-4c0f-9901-8455751ef37d,255.97509644494716
114,321aa388-1252-4e9c-854b-25545e1221a1,16a68580-84e3-479a-97e2-8ff1da16a5bd,39.24601890638081
115,219d02ab-f765-4918-9adc-63de01d3e167,dc570df3-a836-4541-9bee-739584eff0c6,421.99348336200643
116,5f6c9eec-00d5-4c37-9773-ed07bb4397ca,1a8db668-65f5-4590-8c3b-de5e70037f6a,89.05054744357274
117,3c21015f-43b6-468d-b08b-9f9ca97c93cc,ec83673b-81ea-465e-b7f9-a71421c94508,321.55015160935625
118,c5de64ff-cf1a-4cdd-b63c-45c5ac7a42f3,828c8a28-17e0-43e1-b807-8928403da898,117.03952323894694
119,4e295d50-beb7-44f0-9a34-6bc4ab3d7a02,d6bf9cf9-d85b-489c-95f5-3c2cf7275079,168.9156594280116
120,4550dc78-265c-4e2f-97b8-9c2362f8103e,dc570df3-a836-4541-9bee-739584eff0c6,150.2165104108067
121,7015ddba-4292-4db7-b060-ecde8d3bc134,1e593819-2ef0-402e-967f-3935e28b5c3b,226.31228424458095
122,dcc05cb5-e943-4b1c-81c5-fdc72f86a379,15901045-e0aa-410f-937d-65a2c69a08af,81.56745674593515
123,a733c26d-9f1d-4953-ae51-4915be8499b7,64deebd5-a009-482b-a2f4-b5d53ae6a74a,116.586877477699
124,f5ce54eb-b289-4e82-9577-cdf0797953ec,fa265d2e-e5d2-4276-a7e2-a9c7f6751240,399.5050062264552
125,e014fe25-3e47-43ed-bdee-2afd5e9351d5,64a6c96f-2936-43f9-854d-06078922665a,289.527632532717
126,ea949017-3bce-4b96-baaa-6d9437f11165,15901045-e0aa-410f-937d-65a2c69a08af,236.2794955132586
127,4a4c12b1-72d0-44b3-ad8c-a2feed80213f,1939fc1d-90a3-411c-a717-228dcc71de82,128.13371921551328
128,63906fab-75c8-420e-a17f-cf9f88557c15,fa265d2e-e5d2-4276-a7e2-a9c7f6751240,299.3864559394763
129,21a26f2e-07db-4e75-a0b1-f0a31dc9c114,7a5d1504-2be9-42bf-ba67-7ecc93c1b475,40.7829621288106
130,47846dc9-e12e-400d-ae46-200d6560c6f4,1a8db668-65f5-4590-8c3b-de5e70037f6a,246.03099398246556
131,ae6cbe11-be7d-4c69-bcb6-3510dfe7e051,9d30a70f-a430-4ebc-b865-011eaa7c57c9,153.44868849227745
132,ffab5b18-5a7c-4e43-86c0-5feff0de2f59,f46ea3b3-f0ae-49fe-bfd3-94a4e7c14699,275.92480859828464
133,afa9dcfc-3bf0-429c-a2db-47e13222779f,db04def8-e24f-4551-854c-5a8944af6803,272.3348123174854
134,ecae200b-01d4-40b6-a85e-bc76f6d4c1e4,64a6c96f-2936-43f9-854d-06078922665a,119.65053280282541
135,7e9091e7-0a27-45c3-8a77-9145cc1b37d2,8f2ed78a-6d4a-4eb6-a349-607076c45c47,88.670739254841
136,5cb60d10-3f0c-452d-8111-dfd7339009ee,d0b9cba2-579b-48f3-b686-abd52b10431e,321.1312037158644
137,1b3ba5a2-71e2-4b01-b9af-4b99d074fb96,35c5975e-2e28-4739-958d-85dccbb38e78,271.1517103025537
138,815b0d34-3b36-47e4-8f5b-47be9c5630e8,9dac1315-131c-4b61-a622-e712bd4bf503,209.67892121050224
139,75461ad8-513d-451f-bcd6-41b94f031e0b,279b0232-43d6-40a6-bf09-9977d9226d56,446.03251002589485
140,ffc10eef-1843-4954-bc64-5f829add6a23,e56c8b8f-33e2-4921-9c47-f39fb91eeb04,121.37236093938355
141,d14389f2-e005-4bb3-8f71-27daac86c3b3,86fb6b1b-9819-44f8-b93f-a2a08deb46dd,196.04400016322867
142,5a60ac85-cf1c-41c7-bedb-cc177bf2952b,9aab7e39-e486-4424-a14b-f1aaecdd7d7e,181.81859090863068
143,9f1bc1ab-85b5-40bb-9f1d-571feaf621f7,460ab29f-1c37-47f5-91c4-d627e54c3669,246.1097316239242
144,3b54cd58-9669-4a4a-a863-ae78260cdc49,fa265d2e-e5d2-4276-a7e2-a9c7f6751240,635.6022734383507
145,5385526d-bd4a-4ffc-a546-2733f82e4f71,70ad6851-ae8f-457e-9cc5-d2258caf0dbd,111.09117876771315
146,ce5f3134-f82d-478b-af67-804d37c894ac,d0b9cba2-579b-48f3-b686-abd52b10431e,189.45316043814103
147,7cb6119c-ebb9-4ea2-a2bc-9582167e4d1c,c95e9117-def9-4ec6-a569-fdb4cff834ad,183.67430413642515
148,486549e3-d92a-4e7c-8ec7-b94b01adbbb8,279b0232-43d6-40a6-bf09-9977d9226d56,162.0192889751094
149,55880b9d-0c4d-4bfe-8bf0-026fe3ab35ac,ef8236a9-5084-48cb-95dd-566993237403,199.69977466186586
150,0abdb185-03a3-4dd2-8ab9-c347e028fd1a,ef8236a9-5084-48cb-95dd-566993237403,87.46427842267951
151,1c200e0b-d2e4-48ff-b207-307513e50994,c062c190-f4c1-4685-aa96-30d226ca3e4e,56.64803615307419
152,259d98e6-bcc9-4290-916e-aaea39c3b767,70ad6851-ae8f-457e-9cc5-d2258caf0dbd,86.5520074868284
153,462c614e-99d1-4958-b60c-77e18c852c62,f46ea3b3-f0ae-49fe-bfd3-94a4e7c14699,314.87815103623814
154,db098b87-e6ab-4f2a-8aea-d4314fec2edf,0418905f-265a-4c26-87e4-164e977cd585,327.240355090872
155,982e1ac6-8f14-417f-8218-44caeb27cb0b,279b0232-43d6-40a6-bf09-9977d9226d56,162.14962226289643
156,bc43d207-5663-4ba9-b41c-f456c5dc085c,731fa995-c6fe-4202-864d-365e4ed13035,166.5367827238175
157,2740acdd-15d4-43a5-b2c6-5574edcd67f6,a63a4e89-bebd-40ff-b4e6-b6019906b86a,204.85177568183295
158,479e1fe1-92f5-4ca4-b2b3-7bae3a28302b,677575c6-bf1e-41a2-b37d-93bf62dfcf63,187.15902329302747
159,0fb7342b-9158-4187-924a-4e81848bc2b0,6065a28d-628e-4baa-a656-934aef4a147b,120.94833607784771
160,35633919-c402-4b42-ba1d-50834f179c4f,4bb82e96-ee43-4bf0-a569-51ed8901df2a,221.39613817770174
161,82b9d2e5-dd61-4f23-956b-a0c9263f2865,0418905f-265a-4c26-87e4-164e977cd585,214.90114006212252
162,f0610db2-e1d5-4038-b1e6-0dbbb1ab7c47,f8f28b3e-f736-41e1-985d-5e771a19b1e2,31.00403199585499
163,b5a2270d-12a9-4777-b918-a87702833f58,279b0232-43d6-40a6-bf09-9977d9226d56,350.85110802162217
164,b0e88e1c-0cc6-41bc-9b99-32488d1d099e,c0d72aef-91ee-4073-b65f-880edd628850,166.68083273130117
165,2aa2daff-b009-467b-b345-87b87c99bbd1,279b0232-43d6-40a6-bf09-9977d9226d56,630.9669167238485
166,819b8d35-e33c-4a80-b964-f13ffe3625cf,2078ddb2-1274-478e-85f6-a8a4c9cff191,247.11991016508566
167,1c926180-ab92-45ec-ad4c-9c0c3cd0b3d1,677575c6-bf1e-41a2-b37d-93bf62dfcf63,128.25852798157322
168,4a43dac0-fee6-457a-8dc6-99a695cdd1dc,0418905f-265a-4c26-87e4-164e977cd585,298.5720181128834
169,25ec30c5-9b1a-4620-ad88-c2cb04c8739e,08982a9f-774f-43b2-837c-3b59d45ec1bf,124.46887161053561
170,d7c2e2d2-3634-45cc-a743-067e1b3fb0a0,6521a31c-72ec-406a-9f04-3fcc27d65d21,346.96721747162223
171,ed7a7154-82a4-43a1-b126-49e124aa3f30,6065a28d-628e-4baa-a656-934aef4a147b,133.21129831962452
172,cc8795d4-e3b3-46fa-b89c-256d5d6c914e,d527190f-e590-464d-bcfa-c6bcb546b011,42.80770958600799
173,d34786c4-22b1-48a2-b0e2-d6fd1ef85a84,d71b7978-4381-4c04-a3fa-8680b97ff8c3,84.65370635713477
174,08f3396a-276e-4bac-a621-f757b44c0b92,d1dd5e71-fd54-4990-85d5-cc0142529585,122.6835359777342
175,c56122ff-f943-4140-9eb7-5133056db408,020bf931-f12c-4c1a-b02e-ee3779c03ea3,273.70147971832375
176,a7ff3f2b-69b7-4480-87a8-d486fa707d9f,34d5faba-2465-4df1-a2dc-91e4a57b8bd0,88.24539648049637
177,a5a01517-c1c1-49dd-8bf1-9eb93b554b31,effe9fde-96ac-4288-b4ae-f47b2b7a10cd,112.31762996075015
178,8ccfb430-fc10-4dad-8354-8707044aff67,6521a31c-72ec-406a-9f04-3fcc27d65d21,166.43617395265971
179,36a12592-6f83-4dda-b6a0-7d2f67ca615b,8e30e8df-0ee8-4f07-b00d-a8c7f7fda042,238.65665714578338
180,f6b5f663-6171-4618-af71-a0937307b31e,ba9fd875-5318-40d4-ad00-1886875029bb,92.71057113404059
181,0912323d-1ade-4287-862e-92cce4358e32,8e30e8df-0ee8-4f07-b00d-a8c7f7fda042,667.7658646561682
182,5ca1411a-5b19-408d-b4b2-e073f1435263,5824c919-b2e2-4225-9fc7-fe2d29a76981,106.42015786494586
183,96c1dc3b-8c75-4fca-9622-bed5ae2d8008,731fa995-c6fe-4202-864d-365e4ed13035,255.5004892363222
184,bfd27a2f-0af4-4d4b-a02b-ad9ccdb599c5,effe9fde-96ac-4288-b4ae-f47b2b7a10cd,48.373546489791295
185,13219c8f-0b32-4cc2-b349-f91363a0c9bf,974f4dc7-5b1c-486a-95a7-a3494e6ab096,95.1892851112981
186,f33262ec-651f-4af5-a7e4-cf9ed2e8ce7e,8e30e8df-0ee8-4f07-b00d-a8c7f7fda042,388.711975632344
187,6d5b12c4-e06e-4b17-81db-0cf00022501e,a6281088-a9bd-4f96-887a-1d202ce26818,387.3015620934158
188,cd0c2b5e-7aea-436f-a2a8-dbd5cf49426c,b1797539-d1b1-4ad8-af55-e48863fdc1b9,78.71785058041155
189,e6942fad-054e-4f70-8b26-b31900eead4b,5824c919-b2e2-4225-9fc7-fe2d29a76981,175.8870376122129
190,09070df7-df39-4183-83a0-fe8d8ff43186,a6281088-a9bd-4f96-887a-1d202ce26818,355.9160715674413
191,1b5076fa-1833-4c75-a52d-3fed20617627,5824c919-b2e2-4225-9fc7-fe2d29a76981,293.9021946158279
192,d2cf6ef0-1368-40d6-9fb1-019f6eae186d,974f4dc7-5b1c-486a-95a7-a3494e6ab096,363.0495833904785
193,5d633f53-3253-4435-ac68-cfb4bd04b4b1,df80ae01-2cb5-43c6-b7c5-f53c57300d3f,43.502873468312416
194,b960e521-3cc4-4ae5-aa8d-4dc75f85ede0,3c908588-6931-4597-9b75-41f84e64d430,642.0072040094254
195,20735bcc-c30c-4660-8f73-d6e0c3671f07,1ee55eab-634c-4626-8dd6-ab36348b8335,176.32143942243667
196,f330c70c-6a90-4bff-89b4-dce0c479d30e,f8b430b8-9b12-4398-af84-af3cb8fc1425,300.3618650894284
197,653ca29a-a48c-40ab-8668-e7d86613397d,a8d12648-326c-4bbd-a4ee-76efb4461041,228.7493169388709
198,c0687019-c28e-4d8b-911a-115b48931dc8,6b6037b1-5f81-4122-af33-ef6d47c423d5,92.5
199,a84bfb07-6cf6-483a-add9-9f577c18f30a,ba9fd875-5318-40d4-ad00-1886875029bb,235.33858587150556
200,d1527926-c3aa-4e8c-93ac-583bcc47b8e8,f5eb8eeb-58cb-4acc-9301-aa6af70254e1,130.38404810405297
201,d48f9240-97b7-4145-b85a-9fcbdeaff048,02367f9b-342b-4a0a-b3a0-de77495f6a0d,42.69074841227312
202,37bb81ae-e3eb-4649-9ef0-dc896a320045,02367f9b-342b-4a0a-b3a0-de77495f6a0d,339.56221815743874
203,15f37894-cb06-44fe-940a-c57b067a0e13,47a8a4ac-ccde-4492-b519-5d451569974b,254.2174266253201
204,44be0883-e3f3-488c-8872-e2cb07778913,714d72a5-1421-4a44-b607-04f65c413d64,316.33091850149583
205,71e6a3fb-efa4-415d-bac1-8a1b52785730,0918b519-2e7b-45e7-9977-0e0239585396,19.557607215607945
206,b1d325b9-eb56-4d19-8eb3-55a966ef0d8c,a6281088-a9bd-4f96-887a-1d202ce26818,304.8942439600984
207,bc51df54-7254-4f66-99fb-d0fab53d339a,fdeede8d-4405-4a27-b2f2-441eafed628d,129.68519576266212
208,23817bc5-58b9-443b-8ae9-7b28f5d0597a,f5eb8eeb-58cb-4acc-9301-aa6af70254e1,233.36719992321113
209,96ac980b-042a-424c-9a7c-3090b33fb568,521faa60-c776-48b3-b94b-7a833f2f480f,420.5107014096074
210,1c1c4ecb-97f7-4df5-9c93-cbe91faa2597,02367f9b-342b-4a0a-b3a0-de77495f6a0d,288.11889906772865
211,16d2e82a-dee7-41ab-b41e-435668232502,021c9bc1-d6df-47a1-8c8f-768281888e22,61.55079203389669
212,72be3dd8-d3af-4cbf-8f72-dc9b7c236b41,77f51c6e-8f3b-43d4-9624-dcd9d41a06be,411.5595339680518
213,26305259-951b-4517-9754-82f385099b5b,c71436ca-71a7-4343-af43-7dfd73c30be0,386.5759951160962
214,f79c4aa3-9bca-44c7-8dd0-bac3922c63ce,0918b519-2e7b-45e7-9977-0e0239585396,281.49644757971635
215,233ffafb-05cc-42ad-b4bb-913a2f78fc35,47a8a4ac-ccde-4492-b519-5d451569974b,321.4035625191482
216,902ae704-a54a-4099-a007-692ca529ada3,77f51c6e-8f3b-43d4-9624-dcd9d41a06be,64.06442070291435
217,c0f42ecf-4bcc-46c2-a33e-2954b60c765f,5c5f12e2-f015-4998-9996-deec269f07a1,302.80356668969404
218,515c9066-ad37-4409-8b15-88ecc1c5740c,67a88b02-ae23-4b06-9490-b98ae2f97a3e,238.17063211067816
219,e3342297-85db-4bd7-b159-f9c741212c8b,3eaf54bb-c973-47f4-b542-a0aa595fdea4,275.63109403693915
220,bd78d054-f940-42a2-b33e-eb4d7af22667,fdeede8d-4405-4a27-b2f2-441eafed628d,357.26180876214573
221,aac8f9dd-0b9b-4e85-92e4-decdb650ba5e,dba6186a-3ec9-471f-8072-1b500c136c27,151.9160952631419
222,75cdb017-597d-420b-aa11-ede4b933a945,3c908588-6931-4597-9b75-41f84e64d430,265.87214972614186
223,68fc4654-c18b-412e-a33a-434b3fd7ce7b,f570b409-8d85-430d-9f18-28dc764a4b8a,314.5313974788527
224,07f090d6-605c-4e29-aa81-86b9735e562e,08ba516d-8d75-47e7-8656-5bd4a8bc3876,146.64924138910504
225,7ecf99e6-56de-41ae-bf42-e78fd73959e9,77f51c6e-8f3b-43d4-9624-dcd9d41a06be,206.11283317639393
226,8eeb2cba-989b-47e8-afff-bd8e258a4d31,bf7cb03c-366b-4371-bed3-0256e2aab7da,245.63641830966353
227,69f2b00c-2ceb-49f5-8388-1a5e8ee69b88,5c5f12e2-f015-4998-9996-deec269f07a1,104.5609869884557
228,1670e68e-3645-4e2d-af61-3b3f25bd1de9,67a88b02-ae23-4b06-9490-b98ae2f97a3e,115.29310473744734
229,83159c03-9213-435e-93b5-d625cd3b902a,67a88b02-ae23-4b06-9490-b98ae2f97a3e,316.8489387705125
230,953212cc-1db3-4035-8e2d-459b2ecfd075,9eed08fa-e78a-4b11-a021-0db87e27570c,158.88753884430332
231,d59ad1aa-9bf0-4ffd-8289-a0780ed4eff1,91376415-6337-44ec-832d-321d56dd2309,193.82014859141967
232,37c109a0-2110-48be-8f2b-ee3a7e5f29c1,53ce4e98-aa88-4049-8566-3f84e8541878,218.56177616408593
233,d5207479-5789-4027-9317-269f070cbce1,9982af7a-a19c-4509-91bf-36328b884ada,346.1246162872557
234,aead4c12-8314-4818-81e8-c45151e45cb0,d7b14697-e6b9-4020-b6ee-a88e3ee38334,64.47480127925948
235,8a3fe024-1f73-481c-bf3c-8231cf96a65b,68758424-9c33-4803-a769-b9e24c0b7327,293.1164444380424
236,20b6ac5b-611e-47f0-b443-f704be0f7157,c71436ca-71a7-4343-af43-7dfd73c30be0,277.0780575938845
237,dd6f38a6-24d1-4296-b7b8-02b9c3971a23,08ba516d-8d75-47e7-8656-5bd4a8bc3876,367.5748223151308
238,66cca119-370e-40c0-b22f-a8c2f16027af,a4b965fc-136d-43c6-87f7-9c738ebb2cf3,116.40983635415007
239,acf09c00-97c0-4dfb-a6b4-59020fda1817,7a81351c-3178-4f24-a5f2-64c0c013be6b,106.86089088155686
240,025dc0cf-b4cc-426c-83b8-7205d8d58d69,d7b14697-e6b9-4020-b6ee-a88e3ee38334,235.03191272676142
241,e889208c-15cf-4449-8f0a-5af317b348cf,f4141d78-2b5e-4b44-ad13-202d46327bb3,120.01354090268315
242,ab3f0bc3-6904-46c7-b6fe-29445439c4cc,d8d1e039-f0d1-4de4-a2a2-5e45bd122fc8,171.24616784033446
243,bc9ea0a7-bccc-46a8-b010-9db86f5806be,f94eeffc-cea4-43d1-a9d2-667ef16fd6f8,215.50232017312482
244,c8aa8e30-f676-4e09-b1fa-da21842addd3,d8d1e039-f0d1-4de4-a2a2-5e45bd122fc8,393.7896011831699
245,5f3ed564-02e8-4d12-950d-37084c425b8b,9982af7a-a19c-4509-91bf-36328b884ada,211.0213259365034
246,b0365c52-36fc-4fb9-84ef-ed11931964f7,c03a2b9d-7e9e-4928-9afa-9f865c484719,235.4702741324263
247,9bb88872-a82d-4880-a6b3-2a2ed9194dfb,e63d11b0-5838-4be0-9db6-28439f746b13,172.6759971738979
248,33f3d697-70fd-4e52-8a32-33398d339bdb,d7b14697-e6b9-4020-b6ee-a88e3ee38334,396.57313323017735
249,aa7d86a1-3644-4459-9db9-39e8c18325ab,f94eeffc-cea4-43d1-a9d2-667ef16fd6f8,92.98655816837184
250,a6cc7f0e-762b-41b9-9753-b6443e553295,ecf9bf01-cb49-4aa3-932e-aa586efdab4c,122.4673425856869
251,56f647f7-f584-4446-84fa-4f95404caa01,268aa0ef-4df7-4889-93ae-ff9748818559,104.88684378891378
252,9272ccb6-97d8-4433-857b-caf9c9512448,d41472ba-8f95-4042-a805-0f9099b6f3ef,116.2497311824849
253,ab10717d-110e-4646-9768-dc66b356c1ed,39eea4b5-052a-4a00-836a-183139b5c1ac,211.00059241622995
254,aaf1891b-e0a8-4699-83d5-2dc98153a63b,9982af7a-a19c-4509-91bf-36328b884ada,277.7269342357705
255,f543814f-172a-4a29-9cb7-b8bb9084151c,ed60f2b4-d37e-4c21-ac11-c7cccf636f46,181.16360009670817
256,e23c0113-0f12-4039-bb04-a113b265edd4,d8d1e039-f0d1-4de4-a2a2-5e45bd122fc8,332.7378848282834
257,7a7af2ef-7d26-478c-a228-098c13c4ce5f,08a61722-102c-49b8-8e63-2baf715b9237,119.62963679623874
258,b261013d-8ea1-46d3-9a17-5482f222ade6,1fcf06b8-820f-43c4-bd97-0670c83be215,136.87676939495614
259,486e46ac-d7b6-450d-b660-414983aa4f4b,08ba516d-8d75-47e7-8656-5bd4a8bc3876,643.6866473681118
260,e01f9d96-4be5-4c18-9be2-130fe703253b,1ad9692c-5ac6-43e5-a6d0-0e314307fe90,123.8789731956154
261,0ffdf512-86f7-4a46-9be4-d8ac3fb82b42,c03a2b9d-7e9e-4928-9afa-9f865c484719,176.29875212263983
262,87cadddf-5409-4b33-9367-1ee53d8f7148,1fcf06b8-820f-43c4-bd97-0670c83be215,254.0634763203873
263,1e110b1d-ca6c-4af5-b009-8d20feff646c,1ad9692c-5ac6-43e5-a6d0-0e314307fe90,321.0334873498402
264,a0145f13-c2bb-4728-9298-1df2e262b276,1fcf06b8-820f-43c4-bd97-0670c83be215,257.9476691113917
265,5ccec6be-00bf-458b-b666-ab0b8afef224,1fcf06b8-820f-43c4-bd97-0670c83be215,218.80585001320233
266,a9a46b90-5116-4c7e-960f-e4d7b83cce49,f86dede4-c26c-47c1-8d84-fff1f74f396b,69.09594778277523
267,c85a7c13-aaa5-45e6-acf7-f46e88a31baf,ed60f2b4-d37e-4c21-ac11-c7cccf636f46,364.4149420646744
268,a83379c2-b7d8-4161-a64d-44f334f1ebf2,f86dede4-c26c-47c1-8d84-fff1f74f396b,295.7431317883815
269,c9db5776-1aa1-4114-b4d8-354cdbe83b87,1ad9692c-5ac6-43e5-a6d0-0e314307fe90,448.7137171961651
270,ff0187c7-a6b2-42c3-b71f-3845424ebae7,1ad9692c-5ac6-43e5-a6d0-0e314307fe90,716.2715965330469
